{
	"ambientocclusion": false,
	"textures": {
		"particle": "#bottom"
	},
	"elements": [
		{	"from": [0, 0, 0],
			"to": [3, 16, 16],
			"faces": {
				"north": {"uv": [0, 0, 3, 16], "texture": "#side", "cullface": "north"},
				"east": {"uv": [0, 0, 16, 16], "texture": "#bottom_alt"},
				"south": {"uv": [3, 0, 6, 16], "texture": "#side", "cullface": "south"},
				"west": {"uv": [0, 0, 16, 16], "texture": "#bottom", "cullface": "west"},
				"down": {"uv": [16, 16, 13, 0], "texture": "#side", "cullface": "down"}
			}
		}
	]
}